{
	"name" 		: "CSRF",
	"author" 	: "Brad Wood <brad@ortussolutions.com",
	"version"	: "1.0.0",
	"slug"		: "csrf",
	"directory"	: "/modules",
	"type"		: "modules",
	"engines"	: [
		{ "type" : "railo", "version" : ">3.1" },
		{ "type" : "adobe", "version" : ">9.0" },
		{ "type" : "coldbox", "version" : ">4.0" }
	],
	"testbox" 	: {
		"runner" : {
			"cf10" 	: "http://csrf.dev:8510/tests/runner.cfm",
			"cf11" 	: "http://csrf.dev:8511/tests/runner.cfm",
			"railo" : "http://csrf.dev:8080/tests/runner.cfm" 
		}
	},
	"devdependencies" : {
		"testbox" : ">2.0"		
	}
}